Project,ANALYSIS POINT,Main Lang
mgp25/Chat-API,2015-11-26T23:19:42Z,PHP
samuelclay/NewsBlur,2011-10-05T14:00:43Z,Python
scottjehl/Respond,2013-02-07T12:41:33Z,JavaScript
jamesflorentino/nanoScrollerJS,2013-11-06T15:49:50Z,JavaScript
getredash/redash,2015-03-28T13:19:39Z,Python
blueimp/jQuery-File-Upload,2013-02-01T15:35:32Z,JavaScript
MobileChromeApps/mobile-chrome-apps,2014-12-14T01:41:07Z,Python
koush/AndroidAsync,2014-05-24T07:27:04Z,Java
mycolorway/simditor,2015-05-10T03:54:08Z,JavaScript
apache/incubator-echarts,2014-11-03T03:18:59Z,JavaScript
alibaba/canal,2014-09-13T10:59:52Z,Java
dodgepudding/wechat-php-sdk,2014-11-03T08:42:11Z,PHP
Voog/wysihtml,2015-01-29T12:28:44Z,JavaScript
seattlerb/minitest,2011-11-18T07:40:21Z,Ruby
jackpal/Android-Terminal-Emulator,2012-10-04T13:48:00Z,Java
chriskiehl/Gooey,2015-06-01T21:06:05Z,Python
apache/tomcat,2013-10-01T07:00:19Z,Java
travist/jsencrypt,2014-08-15T22:39:49Z,JavaScript
dataarts/dat.gui,2013-03-23T21:04:58Z,JavaScript
Pikaday/Pikaday,2014-06-08T07:51:03Z,JavaScript
mleibman/SlickGrid,2012-06-17T18:27:47Z,JavaScript
mojombo/chronic,2011-01-29T06:48:49Z,Ruby
hankcs/HanLP,2015-12-09T06:36:16Z,Java
Olical/EventEmitter,2013-04-13T12:59:23Z,JavaScript
alibaba/cobar,2015-05-15T11:20:09Z,Java
medialize/URI.js,2013-11-27T10:46:47Z,JavaScript
mail-in-a-box/mailinabox,2015-02-21T13:56:50Z,Python
mozilla/togetherjs,2014-07-05T00:15:41Z,JavaScript
jubos/fake-s3,2014-01-13T01:03:08Z,Ruby
powmedia/backbone-forms,2013-07-07T12:21:59Z,JavaScript
aosp-mirror/platform_development,2011-07-21T18:19:57Z,Python
haifengl/smile,2016-01-20T16:28:12Z,Java
Freeboard/freeboard,2015-01-28T21:46:36Z,JavaScript
golden-layout/golden-layout,2015-12-05T07:29:06Z,JavaScript
SocketCluster/socketcluster,2015-02-23T12:11:47Z,JavaScript
jonobr1/two.js,2014-06-05T23:19:40Z,JavaScript
mrniko/netty-socketio,2013-12-12T11:43:49Z,Java
hpneo/gmaps,2013-08-08T03:55:37Z,JavaScript
zzzeek/sqlalchemy,2014-12-25T20:05:42Z,Python
d3/d3,2012-12-27T17:22:42Z,JavaScript
bup/bup,2014-06-03T22:51:40Z,Python
metafizzy/packery,2014-07-09T13:23:57Z,JavaScript
ankane/chartkick,2014-12-07T07:39:38Z,Ruby
OnsenUI/OnsenUI,2015-02-11T11:52:41Z,JavaScript
symfony/console,2013-04-22T18:00:31Z,PHP
chennaione/sugar,2013-08-12T13:44:41Z,Java
symfony/routing,2013-04-22T18:04:52Z,PHP
LWJGL/lwjgl3,2014-08-23T15:40:04Z,Java
julianshapiro/velocity,2015-06-09T20:02:38Z,JavaScript
moxiecode/plupload,2012-06-11T14:35:54Z,JavaScript
symfony/debug,2014-11-07T19:13:19Z,PHP
ccampbell/rainbow,2014-01-26T03:19:21Z,JavaScript
goldfire/howler.js,2014-09-28T16:47:12Z,JavaScript
symfony/translation,2013-04-22T18:07:25Z,PHP
requirejs/r.js,2013-05-12T00:07:09Z,JavaScript
voldemort/voldemort,2011-10-31T03:27:10Z,Java
ata4/disunity,2014-12-21T08:09:15Z,Java
playcanvas/engine,2015-08-12T11:24:30Z,JavaScript
openexchangerates/accounting.js,2013-07-21T04:18:02Z,JavaScript
lmenezes/elasticsearch-kopf,2014-12-16T16:33:49Z,JavaScript
vakata/jstree,2012-04-28T23:59:02Z,JavaScript
oliver-moran/jimp,2015-11-13T22:53:45Z,JavaScript
reactGo/reactGo,2016-01-17T09:51:09Z,JavaScript
symfony/var-dumper,2015-11-26T12:08:29Z,PHP
symfony/process,2013-04-22T18:04:37Z,PHP
idank/explainshell,2014-12-30T11:20:11Z,Python
dieulot/instantclick,2015-02-23T10:08:40Z,JavaScript
pybrain/pybrain,2012-01-02T10:34:58Z,Python
alibaba/jstorm,2015-02-03T03:53:16Z,Java
linuxmint/Cinnamon,2013-11-20T13:15:22Z,JavaScript
aroc/side-comments,2015-07-28T05:36:23Z,JavaScript
arduino/Arduino,2012-12-17T19:10:36Z,Java
cowbell/sharedrop,2015-06-20T11:29:45Z,JavaScript
ded/script.js,2013-03-19T19:13:12Z,JavaScript
damianavila/RISE,2015-01-26T18:55:36Z,JavaScript
skwp/dotfiles,2013-10-17T22:01:19Z,Ruby
neo4j/neo4j,2014-07-12T08:46:15Z,Java
rzwitserloot/lombok,2012-02-08T19:46:41Z,Java
clojure/clojure,2012-10-29T20:03:33Z,Java
highcharts/highcharts,2012-10-11T12:23:53Z,JavaScript
MyCATApache/Mycat-Server,2016-02-04T02:46:54Z,Java
BorisMoore/jsrender,2013-05-22T16:29:45Z,JavaScript
